ID,score
1,6.9239109925572855
2,9.95744124363071
3,6.921651256925455
4,6.824243388189093
5,4.895892035825895
6,7.9154487367678525
7,7.958161403816981
8,4.925583305068587
9,3.913730660522023
10,7.985454299704352
11,6.86695585112316
12,7.9034619135102115
13,4.923808980246124
14,7.93899707269267
15,9.947488854431882
16,6.927750694405676
17,8.933138745609567
18,7.958736475264459
19,4.927615124157184
20,5.935313759011364
21,6.90533928129212
22,6.977488925362102
23,8.92484758363988
24,6.944428273870097
25,5.888120156212931
26,8.925715844215539
27,7.906724118952412
28,7.981681515351944
29,8.899662212414258
30,6.866851837391579
31,6.8915072361743945
32,9.853465985208098
33,8.907521870470253
34,3.9770117782711614
35,9.905444944791876
36,9.94977465779081
37,6.946670691182706
38,6.881894201796953
39,9.954003903716297
40,5.9262455017823585
41,5.904603784922753
42,8.908461927987801
43,8.872409428312922
44,6.8904678259976
45,10.91564717222591
46,7.870019884248245
47,6.879200252380525
48,7.9318572408348444
49,6.898667029449881
50,5.87156882849236
51,7.909796344755694
52,6.898943780190165
53,7.842144513646819
54,8.901783104577005
55,4.936293888328602
56,9.914626389096014
57,8.923365650225875
58,9.94222929294759
59,5.911528640130153
60,8.891354542615703
61,7.901604876047424
62,6.931922978807984
63,5.952187466043894
64,4.9336353101435675
65,8.870338898084437
66,6.905115537639183
67,8.877419647634392
68,7.864833684208808
69,4.887002313818683
70,6.88678954106353
71,8.898167802053646
72,4.889609174094441
73,8.909014462408335
74,7.91947429635147
75,7.009070796187503
76,9.909742261172767
77,9.883046740737297
78,9.92346301044375
79,8.950166773620305
80,6.933783594525554
81,9.913333601621364
82,8.930825491832021
83,6.942334561441117
84,7.892351984274446
85,8.950615926705545
86,7.861573305737551
87,5.9229058525301745
88,9.936528101421251
89,5.866258181978857
90,8.90672913556275
91,6.913254336503186
92,8.891052230790496
93,6.860060441980074
94,7.845532433644493
95,6.872763645291688
96,8.95768930953409
97,6.910489777620608
98,9.94417333402314
99,4.939302564042202
100,10.89368456937483
101,8.967522924212597
102,7.935249600403369
103,7.861761423739339
104,6.972692241181321
105,6.905651111291089
106,6.865356875387319
107,8.88613668880844
108,7.82136157971491
109,9.933307367303886
110,8.985823069017258
111,5.953763182455391
112,6.8769642648247356
113,5.900331548563352
114,7.90166347359209
115,7.941464719879517
116,6.907657492593539
117,9.871432548711285
118,9.85194202189863
119,6.901189065621443
120,7.9129336252314495
121,6.87866776832438
122,6.877887053488471
123,7.907007617349639
124,7.926524171909071
125,6.9008835865897105
126,3.878199959166524
127,3.89772436728805
128,7.925314942268452
129,9.900832778760341
130,6.911939497622216
131,8.87946451263663
132,8.958339555112332
133,8.897827181844585
134,9.916488671948029
135,9.95679763169212
136,6.8792202253000125
137,7.928492557060602
138,9.94220787673321
139,7.916828761821557
140,8.884929882241337
141,7.929484757284821
142,8.920270150324948
143,7.89249557018772
144,7.9571275532281875
145,6.923773272775434
146,7.974097430368077
147,9.880712748277928
148,7.850106548957431
149,8.958398748938006
150,6.842012555773299
151,8.913671821396337
152,7.882300110826108
153,5.863741239416005
154,9.882035324877915
155,5.935338712068637
156,8.961827158285393
157,6.881374308306434
158,6.8609673705855405
159,8.93925546930556
160,7.888626246282681
161,8.879828415394831
162,7.933880972233883
163,6.942117501005881
164,9.922348410486673
165,9.957770150123272
166,8.947381875367844
167,3.903745571878936
168,8.874576372231402
169,10.954410820235948
170,7.884457090440964
171,9.94833313803386
172,9.934772192855936
173,8.879105636041952
174,8.903353221700318
175,7.930183731820171
176,5.970588992207392
177,7.9113197731332425
178,9.938128345179065
179,5.893656779864516
180,8.868565197900017
181,8.937870963763078
182,7.9012929061213235
183,8.884004254700562
184,7.90712494073777
185,8.911302893366058
186,6.924172177629207
187,8.903269897004538
188,3.896243439383382
189,7.901060058995294
190,7.884187437616845
191,9.961695278729907
192,6.881483064915437
193,6.912620832955471
194,7.902248352289769
195,6.891173637060158
196,8.915389103307225
197,8.88730908657108
198,7.917497082176137
199,8.928437418620797
200,10.886748909509702
201,6.926120753358404
202,7.898496141667657
203,4.927792371597149
204,5.932625152599316
205,6.967608947690225
206,6.940093017830822
207,4.893589259325606
208,6.950905683447603
209,9.908390573217138
210,9.845475518883221
211,5.904577840507454
212,7.9217574972983815
213,7.928861492496951
214,6.928345993885645
215,6.923945518333586
216,8.964024674329119
217,4.9182237836356
218,7.853187422080788
219,8.880181298243853
220,3.945628559756847
221,6.914638515981405
222,7.8848966219081476
223,4.888923557139201
224,6.932955831450754
225,9.909429517373365
226,7.924377222271533
227,6.885584786379562
228,9.88925356281695
229,8.92826541700319
230,6.94232860802895
231,8.905416432492867
232,8.820436133342808
233,4.933488969090594
234,5.920859349870483
235,8.886949753598572
236,8.925493226951541
237,6.900438980964185
238,9.908149582935874
239,4.9417426939121025
240,11.033134533867344
241,6.894301812999877
242,10.897445109197978
243,4.891298011986688
244,8.89035049777911
245,2.926672191223293
246,5.933631135420349
247,8.929833032669027
248,9.865530434332454
249,8.926372803905506
250,5.9202212144748865
251,8.931102850232485
252,8.894938220077119
253,8.921289372070042
254,8.974178464469324
255,7.934667284373884
256,10.850337265715277
257,7.900903045142305
258,6.870015922797394
259,7.926003899349854
260,4.907359116280898
261,7.89404777588116
262,7.903842032630964
263,7.890771451572084
264,7.878004857016037
265,8.900366774561618
266,7.911637357296457
267,8.892359755793738
268,4.869589068096017
269,8.936123513698945
270,6.915558733919208
271,7.9504429724101175
272,4.95912513921188
273,6.936561304629292
274,7.939895434268806
275,8.848109955286027
276,6.9284363915814335
277,9.928301600023858
278,3.931411749513808
279,7.921540649614627
280,5.908205140828322
281,8.955044388127458
282,6.91033726450301
283,9.910634372869744
284,8.958161861925795
285,7.8776502829799515
286,8.943318272501987
287,7.863939324544975
288,7.919456560631494
289,7.917666455368604
290,7.84982264252969
291,8.908913775513174
292,7.889746737569505
293,6.8253111085141605
294,9.92068661554239
295,8.895161816160325
296,9.894786905151674
297,7.850523744637714
298,6.881830808277746
299,8.930271226485473
300,6.892090789897706
301,6.9549247956228895
302,7.973974673259049
303,5.911534841024836
304,6.873434350654399
305,8.870067532492062
306,7.914626847377961
307,7.876448095491702
308,4.913429636574092
309,7.948215685855775
310,6.882100452040699
311,5.941774305694494
312,6.927981475468104
313,6.852845211248043
314,6.89761603304658
315,6.888362879652034
316,8.882101713901644
317,6.905835001219578
318,5.8695129829605355
319,8.885072258116704
320,5.941990382310696
321,6.968118855483224
322,8.937427364389428
323,7.928505502314
324,4.8661801741250255
325,6.92616655472429
326,7.88965587914073
327,7.920910288309864
328,9.91154187353826
329,7.9326671107122095
330,8.939359689731273
331,7.906371168317209
332,6.860297778639129
333,6.837303118644499
334,7.9096099098509836
335,7.9474957052273
336,6.903829614652452
337,8.92777728750536
338,4.8594589765848735
339,9.904116486910334
340,6.871221026920853
341,8.91890673178579
342,6.937347775617314
343,5.9110355860183015
344,11.90384694961034
345,6.8872381197896715
346,9.946445173254103
347,7.923814026660119
348,7.955511560582684
349,8.892676394182994
350,8.886232447001895
351,4.913744261856874
352,5.96057865604282
353,5.961937192634755
354,10.86410329031531
355,9.892795445366326
356,6.962473745236635
357,8.91234652978901
358,7.95383753679717
359,8.879926236313002
360,9.975752415475572
361,6.901890642956438
362,7.903814222982208
363,5.880421164118933
364,3.926452833969617
365,6.885552861331331
366,10.880155961892578
367,9.939259648296337
368,8.910691401763724
369,5.906227548156463
370,8.855654079018954
371,6.862714257867772
372,4.8782321421470085
373,9.904266519947779
374,9.922961109945097
375,5.928590576704285
376,8.872334438645629
377,6.915350391353459
378,6.9871544584058585
379,7.88589230096388
380,6.911848263138188
381,7.868843744636059
382,10.913457823611424
383,7.9041076820530165
384,8.926058601485021
385,6.9238313993560245
386,6.853884738193697
387,9.918093166456616
388,6.953347340634421
389,4.930506049174292
390,7.839526199092434
391,4.923468847778427
392,6.84841426979229
393,8.90938725346984
394,8.869910494095725
395,6.945314257818841
396,8.921402517339741
397,9.895772974381542
398,8.871821225307096
399,8.90981778857926
400,8.869707297779579
401,9.969713853105224
402,9.89927774922613
403,6.936628713748599
404,7.941059730591219
405,8.906332275273737
406,7.910965573923714
407,8.85186531744463
408,5.941985190607676
409,6.940005990276532
410,6.868148185970995
411,7.913619773255936
412,5.870362449497788
413,7.876474284627304
414,7.872703837727033
415,6.9155358745183735
416,9.883619065877937
417,8.954655364738203
418,5.927939134297652
419,9.934116593911117
420,9.878118820837015
421,7.8683086569399965
422,4.931292357090541
423,9.871208301783874
424,7.916544907878796
425,8.95865577355904
426,9.899514251169037
427,6.917515317882351
428,5.919119191230953
429,7.885215257347466
430,6.943159310585013
431,6.969012483975591
432,8.90692150244324
433,7.8360568101559265
434,8.930446919103527
435,9.95124549756906
436,6.920034754307361
437,5.898344639366165
438,8.933112086271082
439,7.88598093217992
440,7.987932569009669
441,8.915033567738737
442,5.859661951797896
443,9.835541048149736
444,7.87811808227713
445,6.896870501123635
446,4.885142353507918
447,8.933853000756633
448,8.927814609252483
449,9.92141519990043
450,6.953761864265086
451,8.946164301332969
452,4.889919562933759
453,9.976240253022693
454,9.851270043855003
455,5.921575000183953
456,8.902101727690725
457,8.868539474082116
458,3.9416406449258536
459,7.961950663162554
460,7.973761006358909
461,9.972217915474124
462,7.896014627499008
463,7.85894189018075
464,7.972864074042977
465,3.9491237120845133
466,8.873720174294343
467,7.917602419190647
468,6.931502916090114
469,7.917628870770152
470,6.959539003245558
471,9.920244071927549
472,8.936116818278075
473,5.848346685944092
474,6.901704953985124
475,5.906499196216907
476,5.860193193230206
477,4.870906495929002
478,4.922229370829451
479,7.967194602054969
480,2.8599402843426436
481,6.924550889230964
482,5.885902627932709
483,7.867650308299749
484,9.876486376158926
485,4.906066456313477
486,7.902347409492127
487,9.874691354035555
488,10.967797567646365
489,9.872163253553577
490,8.975108362457046
491,6.87639215535661
492,8.915990762408237
493,5.911490800115476
494,3.8703926313924226
495,7.879288659804079
496,8.930333817611329
497,5.922823401541527
498,4.931036351930503
499,9.885827494497974
500,7.884953388606338
501,3.9243151042140942
502,10.877362483757206
503,5.8996745390690295
504,6.9384583754713685
505,7.909122281682633
506,9.883016949500742
507,8.92000787873156
508,8.898180390514536
509,9.921830109192786
510,7.933448312637912
511,7.944341769056422
512,7.922189148631465
513,9.946288425969295
514,5.915190694027297
515,8.970313659189193
516,6.872909020704215
517,7.9325467228126305
518,7.918280512472599
519,9.912229300598542
520,10.950153239407587
521,11.915488702092325
522,7.8633886491412905
523,7.9267611672219065
524,7.851866709058912
525,5.931496391261552
526,9.914881897193116
527,4.910310258228748
528,7.8973725251674205
529,6.872847895236989
530,6.949542409723219
531,6.925414430847031
532,7.904023994874215
533,9.937762272176425
534,3.886594075844471
535,7.866736056835975
536,6.931068240243488
537,5.940071774368351
538,6.892771857472378
539,6.913600637182251
540,4.900600643008016
541,6.860263092934848
542,7.977189018827079
543,4.923771505400438
544,5.931151401315922
545,8.860745684960389
546,6.9498896759891275
547,7.949121573749089
548,7.953385413497911
549,9.884618066207361
550,5.937937213680274
551,10.86881581646229
552,8.91714111705874
553,5.96509078107949
554,5.884728645416735
555,6.921820576601089
556,3.9229697690062313
557,9.876955230513003
558,5.877264852264657
559,10.881640218217765
560,8.961686970489593
561,4.916227060901364
562,3.9349719416492457
563,9.963656636114901
564,5.873511851882339
565,8.95821652330062
566,8.900201764327383
567,7.925379013425906
568,6.908851906270536
569,7.874844731393327
570,8.929150931616567
571,6.876371382782325
572,7.876340182557738
573,5.889383228460862
574,8.886480353174404
575,6.948753994777609
576,5.928244752271376
577,5.928397145788052
578,7.936746627658168
579,5.946662018473292
580,4.863403995348244
581,9.948013782729436
582,8.971409163883235
583,9.891569493664411
584,4.9218990544544186
585,7.959063164710837
586,6.907773634471985
587,7.830872856854556
588,7.8458096925416525
589,7.958622580414966
590,5.938193470996452
591,9.964924379195429
592,6.874205558446469
593,8.938205508591144
594,7.9428386250515395
595,6.909429875826755
596,7.976117080401567
597,7.928794562904383
598,3.8850076754978127
599,8.909057868410178
600,9.86862049148205
601,10.936186025926427
602,5.926895377066343
603,7.976621194879753
604,5.928361572564304
605,5.942088801674976
606,6.920663754500495
607,7.8867269583550925
608,7.893273442075159
609,5.929465818087417
610,5.933779777710573
611,9.003630942730975
612,5.882697636187757
613,8.908181331155026
614,8.90116741939643
615,4.8887865161387065
616,2.8738873221951016
617,6.883456227098134
618,5.916258052750157
619,8.875077085130414
620,3.9184503783942257
621,5.93090890842975
622,7.914922423877253
623,7.902854225831478
624,9.927854451955966
625,8.926747276227466
626,10.874338951129102
627,6.899997114170833
628,6.894143327665384
629,10.901415735627996
630,7.86948906840622
631,5.932792666335026
632,6.882741542300432
633,4.9659123030955605
634,7.908626686458232
635,7.905902667197926
636,10.915836319280668
637,7.917383077675117
638,9.901508436994861
639,6.915345778288675
640,6.900102457056686
641,8.886303208638784
642,5.904251496768766
643,8.921748500980367
644,6.903346753138701
645,6.951815007936838
646,5.892222800791001
647,7.865486571393247
648,9.896233070270098
649,6.905022066197826
650,8.922457285974291
651,8.908671292855523
652,4.962485341165
653,7.879804898221945
654,8.899722388181653
655,8.88974748967255
656,8.945336731984188
657,6.940530910296091
658,9.94342327197692
659,7.898379306426579
660,6.918468411067943
661,6.897785726501837
662,8.994189002153599
663,5.910253515971817
664,6.88049054535009
665,9.87458818399144
666,6.890085244067847
667,6.88171464113924
668,7.908590700480641
669,7.901877858358597
670,7.900567728854729
671,9.89124574798317
672,7.897775734804265
673,3.966016115574695
674,8.887623754323569
675,7.937831067889982
676,5.970315866685935
677,8.848478010426186
678,8.87810873737997
679,9.964762343435952
680,6.933695699055591
681,7.877322370157687
682,5.915320949623787
683,7.9235299932265635
684,6.936629262116468
685,8.941517905511791
686,5.965865162095403
687,9.909882863555813
688,6.907959263293012
689,4.93617712308855
690,9.850025147933355
691,9.95459996273106
692,8.909085701745209
693,6.919155163794871
694,8.89224263824037
695,9.834724510576775
696,5.930796065645911
697,8.852195308902624
698,7.842927691289789
699,7.919291079376062
700,8.903028166411532
701,9.932254243574654
702,8.869326965175844
703,2.8652360593733968
704,7.9367241908101045
705,4.954529841988284
706,7.883611659798246
707,7.958610059151263
708,8.880100343346987
709,6.845556073177006
710,7.875654377073138
711,6.887338731318685
712,5.940172405946135
713,8.920110310245775
714,8.879049816315256
715,7.9292588249278015
716,6.920587257910498
717,6.914748199804897
718,3.878448878888036
719,4.91117817114629
720,10.935967441235704
721,9.919080102961734
722,8.958781623469305
723,4.892882417842971
724,5.8624320431097745
725,6.977378587747495
726,6.911916661240489
727,9.982669552032878
728,8.868858281307924
729,7.879603438851209
730,5.926864199910027
731,7.898651440047287
732,8.887586368817692
733,7.876559233442488
734,4.92279613317442
735,10.891024699106403
736,7.913351993893868
737,7.8559012697495865
738,6.899079078973097
739,6.877036925481513
740,6.91762623286077
741,5.9211333296274535
742,6.8452191668454
743,7.967798001585782
744,8.95139849635555
745,5.914902810897168
746,8.896960382636522
747,9.904462512506882
748,6.932059290003128
749,8.945937075470786
750,7.925996403940752
751,4.9158014379478026
752,8.908652948490593
753,10.874035035842557
754,8.92718205899082
755,9.871972290033321
756,6.907359546771431
757,6.957337011580285
758,5.974018163249553
759,10.926906316173989
760,4.916579085339163
761,6.943222137220934
762,9.947840153359657
763,6.8804665904427935
764,7.9104430822137415
765,8.905060510161514
766,7.863448173688616
767,9.900837443904571
768,7.90170851333937
769,7.930984958911632
770,7.951372502714195
771,8.899682215775421
772,6.935532814707633
773,7.909431963183286
774,7.888054565582153
775,6.879799500757499
776,5.944609618426983
777,8.944356138783503
778,8.879668736648997
779,8.897001102945293
780,7.855697428809672
781,9.876395203377292
782,9.945979212317935
783,8.898384129928829
784,8.92088191698319
785,6.87940938665939
786,8.906781287491645
787,6.89234883522449
788,9.890753738490497
789,6.940354713324416
790,5.958293250955462
791,7.931157981842221
792,6.9115190874298875
793,8.899193405139844
794,8.892140225598492
795,9.902951318537326
796,8.915805620808655
797,7.8855316571489045
798,7.9149058807727055
799,7.931139356046579
800,7.939459787062205
801,8.92955676886372
802,8.854544853945685
803,6.93491603870873
804,8.921349049944626
805,7.928809957440066
806,4.87385229519128
807,7.9072718455768225
808,7.862144348042088
809,7.887235229667128
810,8.890404515621187
811,7.922585754005519
812,6.929589465059846
813,5.927773213502555
814,5.928404719733347
815,8.913163024732974
816,7.865818517477606
817,6.93230155731051
818,7.914975559802476
819,8.864487508047896
820,4.891775370217328
821,7.868029049600022
822,8.888882860254384
823,5.913737898150961
824,7.888445904953072
825,4.902226714654128
826,4.952140824971454
827,6.838804111016066
828,7.90086755189369
829,7.950593901969153
830,8.93851854574472
831,5.87272531263618
832,6.802064715277622
833,8.87842399200605
834,9.908994799766162
835,5.926186876443862
836,5.961801683462504
837,7.911217213319352
838,4.930329343915106
839,5.88463469936251
840,5.918995763222784
841,4.948952607888641
842,7.93103489946778
843,9.947678703306543
844,6.885774889663898
845,5.923164158564681
846,7.875747604901703
847,5.910337503020841
848,7.943591119928012
849,8.951211837324784
850,9.93899090991144
851,6.909395300411793
852,5.954097637493618
853,7.940231216870818
854,6.936143310242443
855,6.875803679076938
856,9.900891691510337
857,6.930600870837024
858,8.960212177325419
859,4.9725803169153995
860,6.962650746023967
861,4.859707965129742
862,6.937149139109229
863,7.902932514197521
864,6.8934811120492485
865,10.88662268020521
866,6.910546272375369
867,8.985390638596982
868,4.887129293534761
869,5.909845326434457
870,4.88791522454388
871,6.982544944670125
872,8.930608622256425
873,7.872035869047479
874,9.969864124814691
875,6.9195344699679975
876,6.857198635385052
877,4.871759938106779
878,5.888635264030445
879,6.8979442467600185
880,9.879289450839067
881,4.894227210364207
882,8.868038785812816
883,7.910635078923028
884,6.925932315536472
885,6.982281825446278
886,8.865463420525053
887,8.008019697588775
888,5.894055842357127
889,4.926052965291805
890,6.9388060502331435
891,7.916428252817861
892,7.914520168346845
893,3.8786593392965547
894,5.971508917487645
895,9.89490838157286
896,6.901111556516858
897,7.9178205886602075
898,7.950800392152127
899,6.837872998025484
900,5.918115922466084
901,6.880910217008932
902,10.832851430534387
903,7.956957140053441
904,6.910074160462909
905,4.921532703106598
906,9.888008558949116
907,6.937468506886591
908,8.898828004452318
909,4.950723612157896
910,3.919324906156446
911,8.999144235368814
912,8.86533171711034
913,8.932105312286456
914,8.8962602126974
915,5.914701562599417
916,8.933735664657517
917,6.91753450428336
918,6.892567570292954
919,6.841088590055399
920,6.9455029061494
921,7.947059630300956
922,9.935206503250129
923,7.867552321683086
924,8.967626455276791
925,9.867361375932704
926,6.863550109930327
927,5.908184134766955
928,7.949231767326644
929,9.876081636779293
930,7.001512625509754
931,9.855561350705257
932,8.936666749107829
933,7.945632270931409
934,6.851401926646684
935,5.917057035669612
936,7.873140255349711
937,6.914091507853393
938,10.952355181370669
939,7.865640800206027
940,6.932953200201785
941,5.960327457212619
942,6.912017340855786
943,8.928363781517762
944,6.8935660744222504
945,5.876772980927891
946,7.922325725707154
947,5.817738335321166
948,6.85776912768841
949,4.915821511627153
950,6.8714453561941164
951,9.90738512065338
952,8.895655535494907
953,3.9254739400320786
954,7.917721056957471
955,8.925252417302078
956,7.938451809859215
957,6.918531737900692
958,6.904655092166065
959,6.906364768332562
960,5.863907778368884
961,6.86655777030353
962,7.913337684827123
963,6.921797894688938
964,5.871574234393755
965,6.906320254407652
966,7.90469189397984
967,8.99335483226948
968,9.91256369233735
969,8.838641210608895
970,4.895242706176359
971,8.870447298642617
972,8.943918586680088
973,6.935681103283567
974,8.887702976464897
975,7.936377189750125
976,8.854540489319353
977,8.904628997175124
978,8.941918019488254
979,8.887616426255834
980,8.88547192932775
981,7.913361693682004
982,8.949853078341643
983,7.9284695426774805
984,7.916031380173196
985,6.924810530791021
986,7.915604931354868
987,4.92880132130068
988,6.950419223907561
989,6.890785240985112
990,7.925101437378871
991,7.867211183918296
992,7.9750361487271
993,5.855767998967953
994,9.94082801980178
995,8.90090503474951
996,5.9335857614083976
997,5.94654466412033
998,4.92719317880451
999,7.879612338082673
1000,8.876596112649874
1001,8.9009084327741
1002,5.913840750940299
1003,7.836950529467698
1004,9.869760500941622
1005,4.880827400101681
1006,6.938311061970725
1007,9.959270311657267
1008,4.935536991633317
1009,7.9140945456213165
1010,8.91292119494989
1011,8.913687422320468
1012,8.93151686687315
1013,5.919728571179811
1014,6.89912185629357
1015,9.895513711772596
1016,7.863231340745925
1017,4.854557392367549
1018,6.896418629430647
1019,8.907601647041597
1020,7.938644317682997
1021,6.930252178272767
1022,6.962711120352234
1023,9.927639093648928
1024,5.987658678189487
1025,6.892368848666271
1026,9.91388274808003
1027,8.93843189214707
1028,8.861813568394695
1029,8.891236137896087
1030,8.943876446710355
1031,6.912370751053927
1032,6.879038365582459
1033,8.91961087090185
1034,8.917986966208952
1035,9.93972181352954
1036,4.909925295621208
1037,6.877771632466212
1038,7.89810534868952
1039,8.876016491300302
1040,5.90171089401184
1041,8.989184212677833
1042,4.8887288409235135
1043,3.886471840440248
1044,4.837930971920153
1045,6.885081082036413
1046,7.9318779851051495
1047,5.847889254493003
1048,6.913943730674456
1049,7.856926943793035
1050,8.893232344784954
1051,5.940612417224359
1052,7.903599549986012
1053,8.879174003061012
1054,2.862516049868478
1055,9.946419556085669
1056,9.927488397349682
1057,7.929505826986151
1058,9.8462054369853
1059,6.932769056642291
1060,7.8618578037101425
1061,8.937092183869687
1062,10.911529183908632
1063,8.838580437141601
1064,6.929302433707946
1065,8.931180030016892
1066,6.861333118740525
1067,8.832227464534173
1068,10.911584572378956
1069,8.924266419270825
1070,9.875706321245481
1071,6.870477800344217
1072,9.902171671036196
1073,4.913204510555187
1074,8.90735956863202
1075,8.906107678510217
1076,8.958128854100016
1077,8.944977515875282
1078,7.900081886977947
1079,8.957226898655591
1080,5.899918979930579
1081,7.927977945268877
1082,5.971318392405078
1083,6.932596237030911
1084,6.918443111378377
1085,5.917192464908061
1086,7.9141761869328375
1087,6.906177069381772
1088,7.889912389224558
1089,9.879141380625684
1090,7.886156959302988
1091,9.875853066910604
1092,5.886271797721691
1093,8.870946234332783
1094,9.942033933365058
1095,4.9492274866978825
1096,9.888268173157028
1097,6.94932213985476
1098,5.935176666019335
1099,8.87352281679741
1100,7.925434284081929
1101,8.911811173761034
1102,7.036647500561835
1103,4.8465520742482795
1104,5.93201326870773
1105,8.853153755456562
1106,6.924902751192161
1107,7.937555978316638
1108,7.924452766056599
1109,8.86589656069935
1110,7.855637264055556
1111,5.918135815505406
1112,7.902473134831811
1113,5.95919126380266
1114,8.932839241206084
1115,6.910997243463423
1116,5.903369501322416
1117,8.83627039563696
1118,6.930249262050641
1119,6.881861367015558
1120,9.859160908020804
1121,8.924468302947655
1122,6.928806122875928
1123,7.832643694224862
1124,8.922383465045641
1125,6.931790897427145
1126,9.8954111701645
1127,6.8795431240026925
1128,7.857681040284207
1129,6.917992364760605
1130,4.911212271758324
1131,9.889901865807694
1132,8.873905918081586
1133,2.9233699474100594
1134,9.860681140609433
1135,8.929914822184557
1136,7.937895693894576
1137,6.882565799667517
1138,6.8850173753135
1139,3.918855279281138
1140,10.899802711223224
1141,5.8461039230039855
1142,9.891931442614311
1143,5.8790367485585096
1144,5.899022822693062
1145,5.905623513122586
1146,6.933364061163364
1147,8.939812469378179
1148,7.881870748255082
1149,5.961986438934631
1150,5.892661605373155
1151,7.927924994067281
1152,7.917972443658291
1153,6.918553446494965
1154,6.905613351448341
1155,6.90522241359999
1156,5.909987442862513
1157,8.893846177156593
1158,6.845807898066478
1159,7.960952441799864
1160,4.921619843499976
1161,7.910576702783178
1162,7.883629219536279
1163,6.942377941503174
1164,7.873007572446029
1165,8.870407084428823
1166,8.898043581506649
1167,10.92386407398853
1168,9.956686834337054
1169,4.843230458592743
1170,5.944314198465548
1171,7.932280065309018
1172,6.964587009323656
1173,6.987877774456031
1174,8.83488739869323
1175,9.91298515678641
1176,6.935193409301313
1177,9.961062071733345
1178,9.896609543325823
1179,5.925327130047786
1180,10.943228000938664
1181,6.885721604193851
1182,5.901232343984808
1183,8.896905401860828
1184,8.886402463822083
1185,9.918305490889194
1186,5.930990551230363
1187,9.92921754307939
1188,9.893360390340026
1189,6.915405478137465
1190,7.911424823179321
1191,8.95845359241627
1192,7.9211300533358076
1193,6.913388661335963
1194,6.934437490900541
1195,7.893545231159482
1196,7.875999797602921
1197,6.87875063351559
1198,8.890545691116815
1199,7.91342764756576
1200,4.901179723869763
1201,4.921382253501222
1202,4.857882573930121
1203,7.878866591884398
1204,9.87554255517936
1205,9.940690595238026
1206,5.858165644210409
1207,5.838094829176537
1208,5.934881353527329
1209,6.92176032272679
1210,7.868607828086921
1211,7.881706459819657
1212,8.908309028317916
1213,7.883176185068051
1214,3.8771665100480064
1215,6.872777337295446
1216,9.938556081827814
1217,4.897786562211479
1218,5.875443911051899
1219,7.980529488921752
1220,8.933970647632595
1221,6.91518061376625
1222,7.976793795275642
1223,5.974998449943316
1224,5.907635705222841
1225,7.976465337730639
1226,7.894238579052441
1227,7.906702671155216
1228,6.958601171145281
1229,6.894692601512162
1230,4.9028440783875515
1231,7.932446894941431
1232,8.925028982838548
1233,9.891501488123163
1234,8.86236625565456
1235,6.915043142982326
1236,8.922763283962972
1237,7.98512060714927
1238,7.917495442667535
1239,7.938527595139476
1240,8.924930195767418
1241,6.893827584377567
1242,8.908715948110702
1243,5.954006193764968
1244,7.886190297675181
1245,5.911900702202808
1246,4.8933646438502265
1247,7.899159127266989
1248,11.869169126047517
1249,9.857081176917271
1250,8.921330815988076
1251,5.908879849132532
1252,10.84840862960676
1253,7.908029178092781
1254,6.888360957025546
1255,7.905346375750188
1256,8.903105980777587
1257,5.841387155534392
1258,9.896934646522269
1259,6.865649703784483
1260,6.89332042775078
1261,6.949819937477735
1262,7.951530831481177
1263,7.9574901765067505
1264,7.9453623829043405
1265,10.906942339943626
1266,3.872013780220903
1267,7.932209893133914
1268,9.890385460858347
1269,8.857045152859845
1270,6.887900257995294
1271,5.883441608765477
1272,8.887350565664654
1273,9.834730991682791
1274,8.954736829043576
1275,8.933124711793466
1276,6.902483369235023
1277,8.920631218137427
1278,7.886391134489376
1279,5.894125467614121
1280,4.8747436139183655
1281,7.912589802254439
1282,7.8491667128234015
1283,9.898848172744692
1284,9.888179249914195
1285,7.8915781530375595
1286,9.909164210883146
1287,6.9131587338853535
1288,7.91887585952662
1289,5.968807551950327
1290,8.928471585505466
1291,6.933348958844791
1292,9.875897272030025
1293,6.906673209470213
1294,6.868432332430452
1295,8.94684250536561
1296,4.869797193563066
1297,9.911888912314405
1298,9.880232845609932
1299,10.967464963853477
1300,9.923452263260216
1301,9.870030316194512
1302,6.885899941822013
1303,9.92649517004493
1304,5.876639730967062
1305,7.8907073277404916
1306,6.87751783152797
1307,6.9062461624009295
1308,6.921913511032123
1309,3.9302939354501234
1310,9.850324088733196
1311,7.961018802073063
1312,7.913810001233504
1313,4.913667032159017
1314,10.914438550072573
1315,9.909997237755611
1316,7.9356405808592685
1317,10.91154166891046
1318,8.90635585746082
1319,8.916016693810066
1320,7.937720171720568
1321,4.876746439599107
1322,3.8484371662297687
1323,7.915406072928355
1324,5.924390183566912
1325,3.9410476541499584
1326,8.879329932139482
1327,7.863134597279554
1328,8.992494923406772
1329,8.86865157271226
1330,7.923187809143284
1331,9.878858500445155
1332,6.924275443459314
1333,5.868047093488551
1334,4.890626736966959
1335,10.8984723799139
1336,7.912177254344227
1337,6.890009235097876
1338,6.905624069023665
1339,5.903854409903366
1340,7.9323352618434555
1341,7.9091969530954405
1342,9.85617704847265
1343,7.9276404869408035
1344,4.9572712039834315
1345,6.873834485199016
1346,6.938122932433339
1347,9.902445348665097
1348,5.886378058583595
1349,6.944361779499598
1350,6.855367626996097
1351,10.86294831899772
1352,6.903531635662831
1353,6.921500832922196
1354,8.866749941135248
1355,6.8808549890162665
1356,6.946784110888645
1357,9.95678790896092
1358,4.938951274019368
1359,6.88665314091731
1360,5.923188331392056
1361,5.919510972745546
1362,6.961476049195108
1363,9.933904394665424
1364,6.927430452860891
1365,9.956100543291292
1366,8.92951620758104
1367,9.921389379794567
1368,9.872711446348816
1369,7.914191023538754
1370,8.879798056580658
1371,7.911224600799815
1372,7.925103349594517
1373,9.934534292857354
1374,7.900412973227962
1375,8.854300126484864
1376,6.976006123727501
1377,8.959687007448382
1378,5.9565385239652295
1379,4.907528801794846
1380,7.8653033270745984
1381,5.851767059895492
1382,8.916052271776689
1383,4.915362078131119
1384,6.950938141431377
1385,9.94639127287864
1386,5.873729953500721
1387,7.919421877752058
1388,4.8963117685295146
1389,7.942238040882276
1390,6.907922917257587
1391,6.9121795144019575
1392,6.921490875119821
1393,9.892546534638672
1394,9.866019673683978
1395,7.934163516088805
1396,5.887806765182319
1397,6.991169972870016
1398,7.94346054114125
1399,3.902091731856213
1400,5.8841188739164
1401,7.9513809498952845
1402,7.917086659761091
1403,4.919109980533403
1404,8.899701696187297
1405,8.939712011403202
1406,9.878712167317039
1407,5.9102635753454225
1408,10.910695058207398
1409,6.881299412970758
1410,8.909220094683066
1411,5.839097324476581
1412,6.90318238584241
1413,8.914756673766162
1414,6.885931344250569
1415,6.924151967802821
1416,8.913594271466037
1417,6.9050469655689
1418,8.971929586937962
1419,4.884859463500322
1420,8.92850781816995
1421,6.946410530067278
1422,9.897217963221802
1423,7.925053589843866
1424,8.883144576491729
1425,10.908387698933437
1426,9.86841042232379
1427,8.861948814739408
1428,6.897275543119284
1429,7.85118423330354
1430,7.954468311033981
1431,6.917364302965648
1432,5.9154864799041
1433,2.944919574125242
1434,9.969610166928575
1435,6.899790829446442
1436,3.909607381394851
1437,4.9101149386983245
1438,9.914383887528988
1439,6.879013540133796
1440,4.9301609131338555
1441,6.9018801414053845
1442,6.893506976107924
1443,8.92589762296646
1444,8.89012022915719
1445,5.825549893160096
1446,6.905500968270943
1447,3.9325566993970806
1448,5.909888102425918
1449,9.865374285997515
1450,6.8946373134945125
1451,7.9030037205380586
1452,7.904179026112045
1453,5.939059593756644
1454,10.890297080485453
1455,7.891383894219835
1456,5.862222795816365
1457,7.940670028784737
1458,6.9237768149726255
1459,7.9443088623229405
1460,7.877991034477257
1461,4.943953315740991
1462,6.91997444729501
1463,5.877643346696336
1464,8.944600925377223
1465,4.944934043245227
1466,8.934904160032971
1467,4.868849154290316
1468,6.876355531965176
1469,5.917117660037905
1470,6.9301835246090295
1471,8.903812500903188
1472,5.918245118005215
1473,8.925981930793629
1474,6.913166327071457
1475,5.923708357087914
1476,7.9032772798019435
1477,9.88758465389886
1478,9.860063483384385
1479,3.9385299645435365
1480,8.927247752560042
1481,7.943296181508533
1482,7.963362123785387
1483,2.9110223101854187
1484,8.90262120436574
1485,9.94319526267186
1486,6.888686822806783
1487,7.938229308824834
1488,7.929822397742917
1489,7.8934737476126395
1490,7.893193118613034
1491,7.909271910818115
1492,5.906236853473579
1493,9.912701763934443
1494,6.929510126268804
1495,8.901466362867232
1496,6.898657929229953
1497,4.906997387683262
1498,8.913508217779114
1499,5.898458468061391
1500,8.91695646914964
1501,6.963545169688712
1502,7.928367714818073
1503,7.966611798351156
1504,9.850084081569399
1505,5.869745852723419
1506,5.898483179497386
1507,8.897324692946203
1508,5.9465301256009395
1509,3.9491602841282467
1510,8.920703553015027
1511,6.86151564891879
1512,6.875782788863868
1513,5.942783733592756
1514,7.960494219567187
1515,5.914529881340621
1516,4.891865151838537
1517,4.912830033673667
1518,10.898311975654455
1519,6.889016915675999
1520,10.908907691918836
1521,9.885061644769582
1522,8.915714879678996
1523,6.902696054915413
1524,5.908690605657027
1525,9.888071137104465
1526,6.9163871285845495
1527,10.864061021623494
1528,8.913778157965915
1529,8.864809500908628
1530,4.885540320624469
1531,7.862316305965771
1532,6.932364339571584
1533,6.99408095456123
1534,5.870974678447216
1535,5.869578151624856
1536,8.911558180231065
1537,6.867736475159227
1538,10.882031442369291
1539,9.834298120126812
1540,7.865821923222984
1541,7.96892136185832
1542,7.970805329330717
1543,7.884803179169375
1544,5.927962408660756
1545,5.929956647601338
1546,6.918072540003585
1547,5.934508768165454
1548,9.92249186390878
1549,6.934281526499406
1550,9.897461428933372
1551,6.003070917346697
1552,9.87370845659256
1553,6.935555612408485
1554,8.851892583731862
1555,9.94030480140429
1556,6.915884053009938
1557,7.914149968367069
1558,5.902641462095545
1559,5.908559552605384
1560,7.879828748336298
1561,4.927929026684582
1562,8.92924920511462
1563,6.92587654895227
1564,8.918850406699034
1565,5.9369379849218396
1566,6.954078671437172
1567,5.934739727353493
1568,4.870476103530991
1569,8.948442979484375
1570,5.900149303105479
1571,10.949985349766422
1572,4.877922633511967
1573,6.8687628926594915
1574,6.916639825717774
1575,8.943434535171056
1576,7.919400188170418
1577,7.942407181260475
1578,5.876908945834311
1579,5.896466749972431
1580,5.9102111781114335
1581,7.935626160458379
1582,9.897876996851998
1583,8.88242661120252
1584,7.912070135900861
1585,5.942130600380491
1586,7.879650083424122
1587,5.946796991069857
1588,8.897061584422119
1589,7.889425975235641
1590,8.8839017583102
1591,7.878095234114222
1592,4.877699720329454
1593,7.8945460871234046
1594,8.942158229523693
1595,6.911312682084573
1596,9.89243499075377
1597,6.888930792690595
1598,6.861141489610002
1599,6.934770654204183
1600,6.939540113402622
1601,7.895112364662924
1602,8.938878156402982
1603,8.924995125049557
1604,7.879347376718713
1605,6.889485329240664
1606,8.941622844230881
1607,5.87652738545025
1608,9.903953359853253
1609,7.975151788741605
1610,7.905553646887137
1611,7.86929948739233
1612,9.970778457710065
1613,9.939839492085728
1614,7.939868418214733
1615,5.928245532667897
1616,8.9218648337427
1617,7.931049864392795
1618,5.928288010668325
1619,8.903295004814183
1620,6.877229423398284
1621,8.892337014793572
1622,8.912684043696013
1623,4.8788551128320545
1624,7.888364261504856
1625,7.84918931671884
1626,8.912434674966095
1627,7.930330676726916
1628,2.894147358722792
1629,7.879506344280563
1630,8.925700694751344
1631,9.947651210522471
1632,4.925764031163048
1633,7.927000344161754
1634,6.909432162753488
1635,6.885590133100138
1636,5.91493032012538
1637,5.926827221873524
1638,4.940273776474143
1639,4.906519444322424
1640,6.896125473282212
1641,7.890748494292675
1642,7.861352224891696
1643,5.939692669202447
1644,6.944593408398678
1645,4.991737851097296
1646,7.901315423489392
1647,4.909209621947912
1648,8.898394902941378
1649,9.89558206426724
1650,6.9715271025885075
1651,4.931756554133139
1652,10.940294605784427
1653,4.888416081651324
1654,10.81217071938073
1655,5.956552999148909
1656,10.923170621628799
1657,7.886394073044338
1658,7.8746886934523515
1659,3.9347131603483545
1660,4.875188012257939
1661,7.903635420735672
1662,5.8753702674368515
1663,4.8896462678518775
1664,8.935031625286337
1665,10.864414096168643
1666,7.895074150697106
1667,2.9050838846571185
1668,5.919185860380036
1669,6.878742457637787
1670,6.924194081321744
1671,7.891210682979741
1672,8.858490801017796
1673,4.950289640857791
1674,7.901261865690616
1675,7.978559714055456
1676,7.913530553742679
1677,10.931029253717208
1678,7.8684442268518495
1679,10.92418972992929
1680,9.871217057010906
1681,9.893835448520308
1682,7.933365782230027
1683,8.858863889956051
1684,6.901317148012066
1685,7.885161743728317
1686,8.871343236462561
1687,6.9061757924208775
1688,5.88064412088612
1689,6.918453014038769
1690,10.966422877727688
1691,7.95842194354472
1692,9.914385147301205
1693,4.90907127267525
1694,6.815057857152817
1695,6.991073581761567
1696,6.909546773806318
1697,7.872048498890137
1698,8.94531414733446
1699,6.909893925929102
1700,7.8695668089237625
1701,8.915418601101418
1702,5.9812520987398035
1703,8.91733001431282
1704,10.936621478201307
1705,6.933802762335215
1706,8.908675789372703
1707,9.87381015586113
1708,8.930359749239319
1709,7.95639113939086
1710,8.926594188237733
1711,7.970922907274762
1712,5.93054264973975
1713,6.924554390185319
1714,7.917914776436476
1715,9.931592415816018
1716,6.878265516380427
1717,4.90171109316517
1718,7.927025055126346
1719,7.862421822760557
1720,8.903610854229486
1721,4.87510020526212
1722,8.876512757527774
1723,7.89256738139905
1724,9.886520982555878
1725,8.920575984050199
1726,7.925645223904736
1727,9.919015560439817
1728,6.886640207059953
1729,5.930675077799908
1730,8.9209614966376
1731,10.871932258028146
1732,10.927880035555388
1733,5.8569872739603985
1734,8.905602091000459
1735,8.870755244332612
1736,8.927807691162858
1737,6.917160006096502
1738,7.916205800355617
1739,8.920225069094595
1740,10.906771715802192
1741,9.92717066345936
1742,6.928158623064355
1743,10.875902763967744
1744,4.90799812970662
1745,7.92060885167885
1746,8.89404564837527
1747,10.818027387813217
1748,7.9216587960229905
1749,4.9055625568608665
1750,8.928222950379629
1751,6.933671013062986
1752,6.932271216876703
1753,6.000978167482939
1754,6.947313259961775
1755,5.930055926574818
1756,5.932667938227434
1757,6.819453389265835
1758,7.966595414829656
1759,7.925535241053065
1760,7.86490531051728
1761,6.938661664351414
1762,9.897539760690183
1763,6.914186641693238
1764,6.891475890169338
1765,7.931225231636892
1766,7.850567359257427
1767,9.89645680387368
1768,6.84144379973577
1769,8.956926025660229
1770,4.867518005456844
1771,7.928662596694272
1772,9.863147670822434
1773,7.925114290564867
1774,7.87495478822181
1775,5.866614512569535
1776,4.892023085162265
1777,7.910038375924033
1778,8.873157599262958
1779,7.898311052194284
1780,7.933305838766191
1781,10.80882134499766
1782,10.87886806722155
1783,5.885980175403509
1784,6.954036282940395
1785,9.933019156039718
1786,7.8940856036855855
1787,7.906100844427687
1788,6.864796626491939
1789,8.921721537798524
1790,5.937105077346592
1791,6.878141587965981
1792,6.897566115005772
1793,8.902335400026656
1794,10.96002824985486
1795,8.96218251215387
1796,8.88855884552963
1797,7.96799716500693
1798,7.929047809664903
1799,5.923074236480963
1800,4.928814697789728
1801,8.934094512021689
1802,5.802974979015505
1803,7.922227221378824
1804,7.837903669417413
1805,5.93385674415805
1806,9.91569384328062
1807,9.897880346844365
1808,9.86724605288663
1809,9.940705038429972
1810,3.952903375753495
1811,7.923247814352093
1812,6.946851861319875
1813,10.888385052153879
1814,7.885076164311076
1815,6.884648272967544
1816,7.953761977222881
1817,5.927793208001195
1818,7.894727169097279
1819,8.941246105695022
1820,7.905246533766511
1821,8.867591070291967
1822,7.9486111561377655
1823,3.8182988836953258
1824,5.849386112548348
1825,8.90488598253587
1826,8.930893161528271
1827,6.918330526925756
1828,7.971686836109916
1829,5.907613380045717
1830,9.873846030518965
1831,9.83814532153339
1832,6.896930549460749
1833,5.9004293638277545
1834,6.90020386437782
1835,9.94448712297124
1836,8.89897898026463
1837,4.928424281127002
1838,9.970609506335382
1839,7.868073805569893
1840,8.88269577577643
1841,10.921736616293789
1842,10.873890060641
1843,6.878763193687626
1844,10.879272667480306
1845,4.929451649119303
1846,6.90020560035633
1847,5.915555795872292
1848,8.919961966807852
1849,5.8562847412118195
1850,3.8911150942821653
1851,8.913221595713972
1852,4.90598507015141
1853,5.919355942686035
1854,10.938895325599313
1855,8.933465018115964
1856,6.906357428327304
1857,4.906464558423534
1858,4.866270362096626
1859,6.895193722395693
1860,6.932599056053946
1861,7.9310206027304675
1862,7.878499869790661
1863,7.8813155218487685
1864,4.977221942829574
1865,8.961836724627862
1866,6.848021992937619
1867,8.922938347958487
1868,8.920976245874595
1869,9.887243046083102
1870,6.813508913762992
1871,8.877379997980604
1872,7.924549775752842
1873,7.912718953583608
1874,9.903626597552472
1875,2.9100919293858456
1876,10.923532177388035
1877,6.855158176188827
1878,6.844302620372793
1879,6.882043671465486
1880,9.889410331636025
1881,7.944424621894956
1882,3.886320991632106
1883,9.873892430267912
1884,6.872760047350266
1885,8.989085421388987
1886,6.913738344746464
1887,5.923951399972335
1888,8.94153674381837
1889,10.921274672306419
1890,7.928791572039292
1891,3.9503588222591333
1892,7.906367437647427
1893,6.921219916075232
1894,6.942952363584665
1895,9.853692013865125
1896,6.9383896579261055
1897,7.9130227926905246
1898,10.935835874192605
1899,9.896148946777258
1900,9.918210530644377
1901,6.91965542083716
1902,9.895198428043454
1903,8.867988536675595
1904,7.849217534457998
1905,8.903691787803758
1906,7.878897316858234
1907,7.905217394058103
1908,6.910741202512085
1909,5.889296032729272
1910,4.859366901442916
1911,5.889823410292809
1912,4.934534511713685
1913,2.933959209142748
1914,5.892527105989985
1915,8.875353178183019
1916,5.945562912966469
1917,8.915740787870712
1918,5.9197503100970925
1919,5.844287285590817
1920,9.857803337154925
1921,8.929228732303105
1922,10.915506941565722
1923,7.847156206611277
1924,4.92769519412157
1925,10.914409077594712
1926,6.878209879979234
1927,6.924929535035963
1928,7.885697817021191
1929,6.889079904367732
1930,5.904346634115358
1931,6.922172554410017
1932,9.901110242937538
1933,6.96018508630352
1934,9.905680126750248
1935,5.921812578543131
1936,7.907374105753435
1937,8.905202760688034
1938,8.907253095924448
1939,8.914169466662791
1940,3.8732129689235753
1941,7.879375792980274
1942,7.9362981928736405
1943,3.921702704086621
1944,7.923153247049948
1945,7.865270744925594
1946,8.880150486277756
1947,6.904494738358616
1948,5.891227309720461
1949,5.930879997118412
1950,6.937877256214611
1951,8.952535298571874
1952,4.926988217585723
1953,3.928676841263505
1954,7.91343997265721
1955,6.827797657364981
1956,6.888893881768269
1957,5.910528999459279
1958,9.875467851075339
1959,9.935280435875095
1960,5.969646122873807
1961,7.912999648301836
1962,8.93348845874535
1963,5.941203045221376
1964,10.942407524803615
1965,7.939579222128281
1966,6.947382992050261
1967,6.968084862742219
1968,8.922942199123097
1969,8.89876230968856
1970,5.8831509910683355
1971,7.913401483522097
1972,6.88073474783165
1973,7.9484840930349545
1974,6.925602577844344
1975,7.895847906573917
1976,6.888264892260592
1977,9.916677226637914
1978,6.894716084048332
1979,7.952916789060529
1980,4.944044663733485
1981,6.947320574202863
1982,7.905060945100305
1983,4.953906683364216
1984,7.914887815468009
1985,8.931101186703996
1986,8.944105358213468
1987,5.934305545756151
1988,10.917931856418685
1989,9.871486574342073
1990,9.931407943025299
1991,6.888841023817443
1992,9.866536879441563
1993,6.929965095517464
1994,6.894612143565912
1995,6.8822423800307995
1996,6.889636824185495
1997,6.950365429329854
1998,6.956457178587703
1999,7.857356020664514
2000,7.913136016616919
2001,5.942997792696517
2002,6.863123233833093
2003,5.931871532044118
2004,4.847910111320926
2005,10.929036359855402
2006,6.939594850668428
2007,6.94154544067984
2008,9.852491255984335
2009,6.915197687970654
2010,6.925492758460328
2011,7.9015190777053625
2012,6.9370688835591885
2013,6.954890982453816
2014,6.986545536801575
2015,6.884857554836508
2016,9.905021719906195
2017,8.933348725052639
2018,6.927866276927109
2019,6.909728679519495
2020,7.8945897473377356
2021,8.905657422264888
2022,4.934583365163057
2023,6.924404499509399
2024,7.897185371256284
2025,8.912581924920813
2026,10.902005670141778
2027,7.922775158752769
2028,6.908715743997899
2029,8.982377814453578
2030,4.923377395615959
2031,9.919670052238175
2032,10.939434199392725
2033,8.882877657560867
2034,7.945872243769382
2035,8.820854328315008
2036,6.91203353747901
2037,4.87260151186063
2038,8.911052903688722
2039,6.935960552149331
2040,7.955043210979723
2041,6.939121678166919
2042,8.88526130890791
2043,4.900568909914549
2044,8.87847502718452
2045,6.849603602290795
2046,7.906923049143439
2047,9.927344042635063
2048,5.8743307548505195
2049,5.916342639149507
2050,7.924109727250786
2051,6.884636427509128
2052,7.870191182722721
2053,5.9855790338613195
2054,5.888660070083803
2055,8.9038804941471
2056,7.942452509179988
2057,6.937942589114897
2058,9.907484086747631
2059,8.891352853585285
2060,7.9121169218637695
2061,6.874755484589063
2062,6.832248948085337
2063,5.872225266944716
2064,10.955074090811708
2065,4.925557735656582
2066,7.905464354861206
2067,8.970212952991877
2068,6.886684180413093
2069,7.92666696269123
2070,10.881308221158287
2071,7.89132636805496
2072,6.8909246319299875
2073,6.9110419504650045
2074,6.907311938782393
2075,7.874168421840522
2076,8.879130745623716
2077,6.893839339520121
2078,5.956385225048367
2079,8.877230299093378
2080,6.873447998939045
2081,8.940771429977225
2082,9.882530465549925
2083,6.863881799734461
2084,6.928125955778201
2085,2.9019041634538594
2086,8.885222003615207
2087,6.874390936484726
2088,2.8681909257302634
2089,8.863043950161174
2090,6.8794893099947
2091,7.928787132619311
2092,8.89270105252722
2093,5.874568420425285
2094,7.939677628876217
2095,5.863574556911244
2096,9.942420559384304
2097,6.90963343237128
2098,5.896332788366603
2099,7.952271487420042
2100,7.928834168255893
2101,7.005881844743595
2102,8.94618439006677
2103,7.949979755829517
2104,5.858150491470003
2105,7.961491310985593
2106,8.917618385478308
2107,8.888354329240899
2108,8.845556392431881
2109,9.937842383113821
2110,6.9042146878768085
2111,8.85116691154905
2112,9.881404878443012
2113,8.942486088956437
2114,8.926216055059324
2115,5.856457794198456
2116,10.932008115604441
2117,8.946609556409493
2118,7.916789095004466
2119,6.934650182018803
2120,4.90977187623213
2121,3.881954764477134
2122,9.916820740571577
2123,5.905334267926748
2124,6.887433937778187
2125,7.899051738263561
2126,8.903184084436344
2127,6.893362681104838
2128,9.930980097039665
2129,6.845743274116396
2130,5.871023665282555
2131,8.900218521169803
2132,6.893720381974676
2133,7.871832556374011
2134,5.969933988027311
2135,7.971141798049151
2136,7.933100494192375
2137,6.836464075777662
2138,5.901821207943884
2139,5.915759827080788
2140,3.8895219534568595
2141,7.882627582566592
2142,7.909013001724999
2143,8.925735676754156
2144,3.89144869063022
2145,7.9457099195358385
2146,7.8783346632793485
2147,9.90990491536644
2148,7.903577130460933
2149,6.927400965440043
2150,6.9435259739844994
2151,9.905873670021416
2152,8.875329268285755
2153,9.922177489297948
2154,7.870682117402505
2155,6.913088048143149
2156,10.942331624211876
2157,9.892626430537048
2158,5.913582057994106
2159,6.936723326117693
2160,7.894374574110136
2161,6.872790908999505
2162,7.857882861825049
2163,6.955503594747913
2164,7.875234302575587
2165,6.90073800247702
2166,4.891169309951769
2167,7.890383992793294
2168,7.887320250693618
2169,7.909206813774379
2170,3.865982245477156
2171,8.902287248176519
2172,8.900081741348545
2173,6.925664712815647
2174,8.86002505308449
2175,9.899664046569749
2176,3.9033137931263355
2177,8.94883509630036
2178,4.896974425721555
2179,5.888449427280621
2180,5.927809917826858
2181,7.971230918840648
2182,7.89785946816657
2183,5.955724025129417
2184,5.910440500753657
2185,8.866826470695122
2186,3.939317803173818
2187,8.893571373086944
2188,6.8857677241220205
2189,6.931393544337678
2190,4.861087009145438
2191,7.923138953881864
2192,5.90790500848488
2193,5.896702076871004
2194,4.977202586262318
2195,6.8629376113407545
2196,6.899318196948453
2197,7.925679904340102
2198,6.847517107881044
2199,6.8988323329822405
2200,9.891347981426637
2201,8.889488799127777
2202,8.90599818508193
2203,6.925646223414893
2204,7.901127518239058
2205,5.952607551950776
2206,3.9259295689076863
2207,3.8913939874708516
2208,6.910900823363577
2209,7.90307973623729
2210,9.906511003757858
2211,6.873684894164184
2212,6.931964993351948
2213,6.905204102743703
2214,5.901005020360228
2215,10.947464702866192
2216,9.886779447186615
2217,7.938179509899497
2218,7.892712771690329
2219,7.940546127561992
2220,7.919632196396768
2221,8.89815688930096
2222,6.922075162148348
2223,9.920052171572552
2224,8.840651447678777
2225,7.9497649256170035
2226,8.910761267740028
2227,7.899878645351906
2228,3.8886494840730803
2229,8.927113656707858
2230,7.887999806833577
2231,7.927288965358475
2232,7.861900242131842
2233,5.982074958058017
2234,8.889135315290009
2235,7.880021852080726
2236,6.871946909636362
2237,6.889588215188849
2238,9.93975851110435
2239,8.95639745442993
2240,4.8501250537062095
2241,8.889621922715417
2242,4.883008588673744
2243,3.9418222246040413
2244,7.859380968124075
2245,10.905753227902105
2246,7.914892214129844
2247,7.913303264878758
2248,5.94722985771481
2249,4.915941041639805
2250,7.955819378182774
2251,5.87449672225133
2252,8.922941468793894
2253,5.907589501628816
2254,8.010527756237481
2255,7.894609067453089
2256,5.880538249573781
2257,6.926700562507259
2258,5.8657799254587975
2259,3.900673588958295
2260,5.928349544064485
2261,7.92951040272619
2262,4.939006860429534
2263,5.923439551685784
2264,3.934225307338829
2265,5.9301435143934205
2266,6.8702611357753725
2267,6.940789654996756
2268,8.905598622859237
2269,4.859706442322505
2270,6.878940559938342
2271,8.947514454730888
2272,6.914950683944861
2273,6.848181586802265
2274,7.931373973824394
2275,5.873980475393751
2276,6.867810708234863
2277,4.959762398208844
2278,4.959104649853253
2279,6.903321216605804
2280,9.897078364437462
2281,6.902873127288161
2282,8.929850982841815
2283,8.924713569182604
2284,6.887476617401998
2285,6.848550095278305
2286,6.934035298337504
2287,7.931793769625349
2288,5.918223287261138
2289,6.934781473077814
2290,6.8839014893224935
2291,5.8695663977981605
2292,4.92432922961118
2293,9.872867855995327
2294,8.863105949206531
2295,9.893019168855384
2296,4.923582332618381
2297,8.932389477882474
2298,8.86606641331772
2299,6.94258780593919
2300,8.924883163620063
2301,6.885520648825247
2302,6.915968350691184
2303,8.978487392768686
2304,8.975754058131855
2305,8.973365977322121
2306,5.946048275213386
2307,6.843367559238602
2308,4.958734110204535
2309,9.921827070348915
2310,7.883081834864337
2311,7.907542364021414
2312,7.881242540682891
2313,7.8633801913617205
2314,10.88867351358914
2315,7.877828244959086
2316,8.89545038718176
2317,8.919531661225042
2318,9.903914217448085
2319,5.865133211276042
2320,6.911225455325417
2321,5.910961093036477
2322,4.894949711234446
2323,6.898884928811839
2324,5.90626502477358
2325,6.943652196993961
2326,5.947026772044851
2327,8.919950647805637
2328,9.873131130154388
2329,4.88149912918247
2330,7.902472435764313
2331,9.923573986634121
2332,8.895537863147645
2333,7.934087855014154
2334,4.924151908530973
2335,7.831078355959601
2336,6.917517079358396
2337,8.899585129428726
2338,5.898226872876718
2339,7.902482880035203
2340,7.897760775427016
2341,4.9057434910705275
2342,3.884265356659899
2343,6.947520597630439
2344,5.925044159505507
2345,3.865222310230514
2346,8.961975147130106
2347,5.9154087094429455
2348,8.832900512182546
2349,5.922392219805357
2350,4.888815691679624
2351,8.860290046187552
2352,6.868065700597751
2353,9.937773635620063
2354,3.9373716057302444
2355,9.914237695369863
2356,5.97005103920522
2357,5.905891009088358
2358,10.857815818972258
2359,7.940580875728514
2360,7.923319529631334
2361,9.861642377930702
2362,7.924782446020815
2363,7.924348632593735
2364,8.923528262861668
2365,10.927923813478037
2366,8.862046197990137
2367,9.97101968544491
2368,8.941893391315414
2369,6.89830830952875
2370,9.923025810462306
2371,4.8995228315240205
2372,7.941470023470037
2373,4.925373321924854
2374,7.910855135626699
2375,6.849214768576868
2376,9.94494428958527
2377,9.979742184009018
2378,10.83458258872514
2379,7.922202281632165
2380,6.8937796840094
2381,9.885180636930631
2382,4.898234611169596
2383,7.912393740601475
2384,6.9005155305618455
2385,7.011653579453865
2386,7.938019891499237
2387,7.93089762262349
2388,8.909644289541822
2389,7.855650465081846
2390,9.915403752839488
2391,7.937331473712542
2392,7.89883159771221
2393,8.941203789427064
2394,7.9185336140528655
2395,7.858715323336876
2396,8.91231284839844
2397,8.919814222394262
2398,7.898882469808793
2399,9.91364698643454
2400,6.942955177704103
2401,7.9295981807885765
2402,6.978120734746458
2403,8.859934758341963
2404,5.920083415597398
2405,7.866590636165489
2406,5.952742629718292
2407,8.908157343435473
2408,3.886649734561421
2409,7.889610294852854
2410,5.926617953121115
2411,6.8998333269600245
2412,8.883219340538677
2413,7.901933654741287
2414,5.94135984745075
2415,7.9194402288487815
2416,7.908609597767139
2417,8.9038774858422
2418,7.949749437290375
2419,8.872812910734948
2420,8.911208409845022
2421,8.849101460246734
2422,4.901840788963797
2423,3.943151456741777
2424,8.910551305498712
2425,8.947339687647927
2426,7.901680225755021
2427,4.93945555201617
2428,6.887989743575178
2429,7.933184119679525
2430,9.897537621305043
2431,5.882613924628851
2432,9.926566415359584
2433,4.889646201362723
2434,6.940759621088412
2435,6.901710403512693
2436,4.961012903323303
2437,5.961098273944213
2438,8.90913658328346
2439,7.917212974897659
2440,4.88161142733852
2441,7.954309568494233
2442,7.884610410539821
2443,4.954616720621513
2444,5.923774002890952
2445,8.919365025748004
2446,8.875771722685027
2447,4.88075077520854
2448,4.873914529561759
2449,3.8585434273975077
2450,6.900354523136999
2451,7.933740637753132
2452,6.903890148687922
2453,6.89200457637291
2454,4.8572992340804255
2455,8.923796915660562
2456,9.924584581499225
2457,7.902306919868648
2458,5.906933428986574
2459,7.907065573051327
2460,9.965272063665456
2461,7.849245215439829
2462,6.936478621406957
2463,5.946279424954618
2464,5.916399083815716
2465,9.899569250196368
2466,6.936049709713108
2467,7.9335681385112835
2468,7.916436927477225
2469,3.9433286036125463
2470,7.891360886428668
2471,5.852053549794798
2472,7.880005627932347
2473,8.894554343021124
2474,9.986240166595053
2475,7.878167202895061
2476,10.881772301130066
2477,4.834856761156802
2478,5.86869703144508
2479,5.892863427306375
2480,5.959539558999343
2481,6.92104879446757
2482,10.924589017907698
2483,7.921543788150918
2484,6.91716735257309
2485,7.934495478643218
2486,5.8881572359894
2487,7.958345363786057
2488,5.971423380747412
2489,6.8954661236103405
2490,6.9145441510925
2491,9.914451447581888
2492,4.9417528514883635
2493,8.905811774457835
2494,7.93270643245259
2495,6.911363660483781
2496,6.952863176901241
2497,6.872391286669534
2498,3.9013240099016206
2499,8.929954495642345
2500,7.863654484567007
2501,5.96558830256044
2502,8.88679308716474
2503,6.85093216006429
2504,7.92197517610495
2505,5.9252328647905905
2506,9.887818248100825
2507,8.939816443576518
2508,6.931440643000721
2509,9.925572438760438
2510,4.855239463308585
2511,8.93584926027211
2512,10.913715560002698
2513,7.932996617791391
2514,8.93408879463599
2515,6.88650343451003
2516,7.912744077708503
2517,8.883600937508538
2518,8.893047257138317
2519,6.977685298670839
2520,10.934008638661513
2521,6.9034060447818195
2522,7.862757353456544
2523,6.97724847602281
2524,7.93178977398513
2525,6.925345608335322
2526,5.886318436081268
2527,7.952847404308889
2528,8.875162316826982
2529,8.942151676374698
2530,10.870197388370757
2531,4.884098557795197
2532,6.946722492392501
2533,5.990658277622736
2534,7.8891539302035225
2535,6.948223093964891
2536,5.907386088608841
2537,6.823730980067733
2538,8.845440006011938
2539,4.881486870547113
2540,5.942704942402457
2541,7.916697642313741
2542,6.957036035402235
2543,6.992293692056201
2544,6.910659986292819
2545,5.864825658742724
2546,5.916433713909222
2547,8.930820467942128
2548,5.889951277524416
2549,7.876489556228464
2550,9.968937603975721
2551,7.932023977673137
2552,6.884400233232517
2553,6.881503616420629
2554,9.887692689199163
2555,5.949721326957912
2556,4.884476763253366
2557,7.912159750332867
2558,9.869260452257151
2559,9.8975863408668
2560,8.879013721790708
2561,6.9107934208117285
2562,5.8772038141843375
2563,7.835084602681323
2564,6.877137803130095
2565,8.91506569911177
2566,5.948839046999009
2567,5.916036843833544
2568,8.937196401148936
2569,8.854707444121857
2570,6.938354579588529
2571,5.926986486594863
2572,7.877834705433723
2573,6.8751874534642
2574,6.843278357303112
2575,7.983233046035295
2576,9.926267546388509
2577,7.947181017916288
2578,8.903082039445396
2579,6.925893808069429
2580,8.95161934524422
2581,3.917966910274707
2582,7.8683795708984015
2583,8.887359466447048
2584,8.886040285716385
2585,4.942187615369243
2586,8.912567266947597
2587,7.870489545371219
2588,5.934699805291732
2589,6.852566643434871
2590,7.9209001581794585
2591,8.921119384775238
2592,7.919231751926628
2593,9.998071269111547
2594,9.899194399648827
2595,6.916198473328584
2596,9.883628880542423
2597,7.870682218585383
2598,6.910735281370219
2599,8.8820012337254
2600,6.8925288606342425
2601,10.950193228617502
2602,9.879488556883349
2603,5.882218081643257
2604,7.869952642050698
2605,6.870068627028994
2606,5.919211346081967
2607,6.920301341725843
2608,5.961456353730075
2609,5.922309476358807
2610,5.920762867001949
2611,6.885677975407676
2612,5.9346548155622365
2613,7.878819798073282
2614,10.924054489931908
2615,8.890418926686921
2616,8.870658605147321
2617,7.886999182852815
2618,3.945503201404212
2619,8.906535125719223
2620,7.952810002250387
2621,6.90224214985053
2622,8.94419982889084
2623,9.889817012985132
2624,8.937853021650715
2625,7.919784511926909
2626,8.907527987221728
2627,6.887376416968093
2628,6.898134555255716
2629,5.930934627755001
2630,6.942346627764664
2631,7.949356711413469
2632,8.9248210548176
2633,6.955860632533224
2634,8.873366149728506
2635,6.878863446361587
2636,8.901087322495169
2637,6.9184084131424495
2638,6.889719589036647
2639,4.875385562802386
2640,8.918319740272437
2641,8.862085798466886
2642,6.896818174132298
2643,2.946817286803427
2644,6.8597259989344455
2645,6.915483092479143
2646,8.834128738028275
2647,5.870292453521176
2648,7.900305081972229
2649,6.9021331357063955
2650,8.891333730971487
2651,7.868431238681826
2652,6.904312687389199
2653,6.955963411555544
2654,6.907343453724141
2655,9.937935077602258
2656,6.934003586573599
2657,10.00702838136178
2658,8.965329863005769
2659,7.9138294564462495
2660,5.9695926485809885
2661,5.900638041142396
2662,7.867625719128889
2663,7.853666921691208
2664,6.898150103467009
2665,3.9243609806295745
2666,7.937596156109425
2667,8.935388369636792
2668,4.901903675206967
2669,9.889430570810347
2670,8.870299461134014
2671,9.928471405171965
2672,5.918108553619911
2673,6.830194477799775
2674,7.979468873650883
2675,6.913125588364669
2676,8.927346668773971
2677,7.8371231958083785
2678,6.91270900758203
2679,5.888125024937538
2680,6.869562863647704
2681,3.940955143126878
2682,9.868357767661626
2683,4.909208032957373
2684,7.94613484226078
2685,9.840434662629537
2686,9.909794432652507
2687,9.909174207100062
2688,5.948916405528423
2689,10.908419637834028
2690,5.921992873175386
2691,9.88597525251313
2692,8.926770681776564
2693,8.92889508550499
2694,6.9385832323173435
2695,8.895762368227135
2696,8.894459168935153
2697,8.960989424358411
2698,7.930035666294899
2699,5.898965747916842
2700,4.8860729893209855
2701,6.890622800354781
2702,6.919518990705101
2703,7.934596830507476
2704,6.87812223178777
2705,8.866063038074296
2706,6.9595237368602065
2707,8.916554200487518
2708,8.93904576712415
2709,10.924211295496324
2710,7.88106236107167
2711,7.953080025123889
2712,4.900702076929085
2713,6.931472198600153
2714,7.959528180152194
2715,6.925781030485705
2716,7.945110509036914
2717,7.899728124694548
2718,8.909130985086938
2719,7.902816806955742
2720,9.868860578101897
2721,2.9062772420480467
2722,3.927552165860385
2723,11.907553934425476
2724,5.874785934415024
2725,4.953901148009894
2726,8.877177951293367
2727,7.886959565103554
2728,5.911956246083992
2729,8.920690613770773
2730,7.931647529860496
2731,6.938217901413243
2732,6.897442515623834
2733,8.898460891578786
2734,6.902671031172606
2735,9.966076324076866
2736,7.868671873118172
2737,5.895392737561233
2738,8.835996403573533
2739,7.898222031174041
2740,7.971380752444978
2741,5.923477470096964
2742,8.877957118606696
2743,9.925497536902624
2744,7.934088368265845
2745,3.914792144083395
2746,8.960204524653205
2747,10.946304933632673
2748,5.874862366478159
2749,8.932433341120252
2750,7.977351612915928
2751,8.90665554205865
2752,7.900464904574861
2753,6.928041508974587
2754,6.87553064638091
2755,10.921115535394964
2756,6.926600134232727
2757,6.9410723815314395
2758,7.930757444488308
2759,7.854337875644786
2760,7.910229426231915
2761,6.907979626533246
2762,9.932514558506627
2763,6.874674123533383
2764,8.862098422956628
2765,7.97468378995101
2766,5.94181204716211
2767,9.919348320824898
2768,9.903830314574698
2769,8.862312411712216
2770,8.809500625240528
2771,10.919741110292634
2772,6.8840836399547625
2773,9.989115726310873
2774,8.946324576184228
2775,7.867842628867802
2776,6.906006504324139
2777,7.885056208283118
2778,7.85820344596764
2779,7.895053714650796
2780,7.8954706696775006
2781,3.928496785489899
2782,4.93146416446305
2783,7.899777754814662
2784,8.853726713378355
2785,7.833394127283658
2786,10.933171553797981
2787,9.928062830437394
2788,4.92263774945191
2789,9.953078898342799
2790,8.895152433306952
2791,8.910858851274371
2792,5.851818734967559
2793,8.888116696102484
2794,9.910181519513209
2795,8.844399701084107
2796,6.977039600575273
2797,5.967507256118782
2798,4.935943768047406
2799,9.920906247130242
2800,4.980371575123852
2801,4.902027720847602
2802,4.92920456481083
2803,9.887041190900751
2804,5.915753297801963
2805,8.865670781710245
2806,3.8945069344046956
2807,7.9251754092784505
2808,7.933742112409455
2809,6.90423864320867
2810,6.938876658496552
2811,9.891071636691919
2812,7.921510297651698
2813,6.91871951339831
2814,4.928865557727801
2815,6.896348047626565
2816,9.929384457594892
2817,6.85453178822501
2818,5.888612701368327
2819,10.916432926987033
2820,9.939746009151861
2821,8.902702176730072
2822,7.85749804715396
2823,7.942724437886485
2824,5.940996835373261
2825,8.908897666946395
2826,9.918995821860396
2827,4.913533291923328
2828,7.948146534663455
2829,8.94010766305534
2830,6.954463124112483
2831,6.939278279414723
2832,6.906767974505675
2833,6.919870291566586
2834,8.908336459766483
2835,5.900093036038299
2836,7.953431318651202
2837,8.87202997508146
2838,8.914880172583311
2839,5.921498954969901
2840,7.853227920510529
2841,4.890041343645631
2842,4.893865489499629
2843,8.920495832083377
2844,6.922491762547786
2845,8.916073740989166
2846,9.902031249568159
2847,8.936193495566993
2848,7.872849870976069
2849,5.923434728140689
2850,7.970967221039137
2851,8.883621091565994
2852,7.906560789391132
2853,5.916093153368881
2854,7.922955271211215
2855,7.8704770119477905
2856,8.909720030637747
2857,6.939072105411158
2858,8.93277999594907
2859,5.885955200553873
2860,7.881415756865749
2861,7.874259964128626
2862,6.891013697431367
2863,8.933679958198722
2864,3.8658820971291403
2865,8.87495033150285
2866,5.976625238027867
2867,8.913368847562896
2868,5.931602528956492
2869,7.948920914858069
2870,7.9268110356347545
2871,7.884700618583777
2872,9.941377327735012
2873,9.916343067324277
2874,8.863134697796458
2875,7.895171653739929
2876,5.869960749702348
2877,6.895758622803254
2878,7.89840649163954
2879,7.883372846945832
2880,9.921040399992116
2881,7.947686651456155
2882,8.874372875777214
2883,6.850554712228471
2884,8.9095138062148
2885,6.886730020811987
2886,7.9250352979123
2887,7.905657753442171
2888,8.952018741419671
2889,9.880729188792792
2890,7.890910326566189
2891,8.9267055480357
2892,5.8764257523486085
2893,5.943942356493413
2894,6.879406367167473
2895,4.9368933020004935
2896,6.915051961311384
2897,6.916823264133633
2898,6.9284133096195895
2899,4.891865188831078
2900,3.884722801297565
2901,6.920436061773612
2902,8.915604940035719
2903,7.904589747011331
2904,8.865651337318852
2905,9.93919935656648
2906,7.914842129813632
2907,8.911159662207378
2908,7.923059555350286
2909,7.950667126967454
2910,5.928893143924547
2911,7.8447712053085
2912,5.980993527723847
2913,6.9233554720228945
2914,5.885415740236404
2915,9.93536654331353
2916,9.008519599262694
2917,8.982987327793847
2918,6.946817626715003
2919,5.855366239539684
2920,6.917723177099697
2921,4.919777344316444
2922,6.880979455926716
2923,5.948012445074727
2924,9.937270383225666
2925,7.924834549572091
2926,8.920009465211914
2927,7.8740615716391
2928,8.881547640069908
2929,7.829583763781125
2930,6.9056526464503545
2931,8.920291771710271
2932,5.9171663376747325
2933,6.903927706111498
2934,6.925719779189
2935,9.916325297155183
2936,7.915029304109824
2937,6.884947024787799
2938,7.920416245197813
2939,8.880682864334286
2940,8.883850436904366
2941,6.933041565349675
2942,5.9210947966145095
2943,7.956873572068276
2944,8.906944690735806
2945,7.8982423203371335
2946,3.9820280484070008
2947,5.869312192205148
2948,7.959698776385579
2949,8.92209285563328
2950,6.890860126233243
2951,6.8845061595723696
2952,6.834229600355151
2953,6.938466388887701
2954,7.880975975310232
2955,5.898712574596213
2956,9.890235461298698
2957,7.9395413878909755
2958,7.881816358626417
2959,3.8863667819914083
2960,9.889541503699027
2961,6.901115417225842
2962,8.8868469257442
2963,6.938778127683825
2964,9.945846792131572
2965,7.903813143917704
2966,3.8708323591099045
2967,7.915721600549162
2968,5.877485124486336
2969,6.8662233711238665
2970,8.888243310599897
2971,4.933948615839456
2972,9.923813181420158
2973,4.92504582302241
2974,6.955543146086513
2975,7.894749218161394
2976,6.865692413417941
2977,5.9245316091998745
2978,7.893846519530421
2979,9.8487806811761
2980,6.947833511016205
2981,7.930937041990502
2982,10.869871296417863
2983,5.913769781093355
2984,7.898984576224842
2985,4.937262010825808
2986,6.908316271992153
2987,7.874391069226763
2988,7.908741939619662
2989,6.913262946091452
2990,6.950822671755544
2991,5.868716747256757
2992,7.914638440461107
2993,6.8996149162160485
2994,10.8250686845719
2995,9.898596567231161
2996,6.901131538018335
2997,7.869177630251122
2998,7.94845306609241
2999,7.935599593112603
3000,9.936044308930214
3001,7.943779342132138
3002,6.914959771871073
3003,5.892748477798689
3004,6.933758015194673
3005,6.889549865249091
3006,6.887450163856249
3007,5.893891483764741
3008,7.957933927322534
3009,6.881616789251048
3010,9.92042227474237
3011,6.907640050625745
3012,8.877330102674893
3013,6.904456243405136
3014,8.87246873764667
3015,7.924855371219538
3016,6.915372882156967
3017,6.901560028140325
3018,5.904754634399564
3019,7.929751938784897
3020,7.9049897243627925
3021,4.953069202769033
3022,8.943678961836865
3023,7.889413645207829
3024,10.84845103575106
3025,8.946716359597815
3026,7.868370075916589
3027,7.869902700313231
3028,8.003148577685472
3029,7.870509600749257
3030,7.93099771512935
3031,5.900913253523561
3032,6.9988185831955025
3033,7.899947436864377
3034,8.911265288805058
3035,4.842723624124411
3036,5.82916495937892
3037,6.910481005877747
3038,8.921745210388135
3039,7.85835164802123
3040,8.886781632111392
3041,5.917533927466807
3042,7.991946020859302
3043,8.986175271898171
3044,6.937533284561682
3045,9.926081110617718
3046,8.92850153254047
3047,6.912814390677779
3048,6.90077693757993
3049,5.909141200911772
3050,5.952122875034742
3051,7.941340881293079
3052,7.862970517846303
3053,3.850838591329072
3054,6.879122758106179
3055,8.9261973390902
3056,5.917145167902046
3057,6.899648084217854
3058,6.879777950345268
3059,8.925215621219426
3060,5.900214153935924
3061,7.921157565733112
3062,8.94542080652654
3063,6.908988400794648
3064,8.945782589729216
3065,3.879689355206648
3066,8.916244254797853
3067,7.89596294173955
3068,6.911622612051394
3069,5.934478221336259
3070,5.894787585119205
3071,3.8427164511614627
3072,9.857551211752028
3073,7.9511117880923905
3074,10.866389881146414
3075,9.92076103930163
3076,8.8929680608487
3077,5.889936997495802
3078,8.947220228462413
3079,9.939445782683565
3080,8.914106041426491
3081,4.9198332902800885
3082,5.8938210541695115
3083,6.8833875241759745
3084,5.905315332142451
3085,5.879864686427913
3086,6.889978395776204
3087,5.898371319259901
3088,5.965623191478435
3089,9.930205692906819
3090,10.856633347466875
3091,7.867832025792123
3092,7.894608629892618
3093,7.935738312669741
3094,6.93135246706522
3095,6.84174627123506
3096,8.902792347418849
3097,7.9078662166310645
3098,9.885365514030946
3099,6.871190250903069
3100,7.907751971049689
3101,4.906582463925091
3102,9.932715165470762
3103,7.928921446848017
3104,7.9363015257404435
3105,7.920996321144274
3106,9.94689307290122
3107,8.913508763682472
3108,10.86082732265163
3109,7.926155656621979
3110,8.908358062961584
3111,7.91713146483087
3112,7.906997920834094
3113,7.885763135136515
3114,6.944602781631821
3115,10.918765921516444
3116,8.932603600340785
3117,7.906440471021189
3118,6.895794566769844
3119,5.933731038856292
3120,5.855093637288742
3121,9.947781286644696
3122,7.934877120037594
3123,7.954688847250069
3124,8.964558077186064
3125,5.928687343663645
3126,8.91037190828072
3127,8.941669487742018
3128,9.935976679407114
3129,7.8888022050027145
3130,7.893559632965644
3131,3.9247073211255548
3132,7.8569686076188185
3133,9.906530445435621
3134,7.904954806146883
3135,7.954737832902471
3136,7.886615491730421
3137,4.939357771574189
3138,6.866468030808237
3139,5.94229744501802
3140,7.940698577705408
3141,7.918510177803773
3142,6.901752190223943
3143,8.880484481256792
3144,5.901845902497492
3145,7.899102094947656
3146,8.903859277620157
3147,8.957462188661863
3148,5.896523189219197
3149,9.898240541999451
3150,4.866078108538357
3151,6.925367218187731
3152,7.8129238417236655
3153,6.963418228299886
3154,3.986077867345063
3155,4.940888484204217
3156,10.922192461269454
3157,8.893763836810114
3158,7.9556723271644145
3159,10.933182556438112
3160,4.945828443166598
3161,7.927787093098722
3162,6.8978881741401326
3163,5.884294813219478
3164,8.852518662983627
3165,5.917656609519781
3166,7.905664788296828
3167,6.895065953010925
3168,10.942826143003254
3169,3.8943723298059023
3170,9.903133483982844
3171,9.84622628847543
3172,10.862066216652208
3173,6.941160116286238
3174,5.896889535725006
3175,8.905380033698743
3176,9.927647498062704
3177,5.8833725190116075
3178,6.85176163625771
3179,6.91728256642167
3180,7.9374062467478925
3181,7.949557083942824
3182,6.9683946567028165
3183,9.921617178083192
3184,4.930685060714472
3185,7.9182499539945255
3186,4.945102006817819
3187,8.926515140719317
3188,6.882321289992129
3189,9.901208774156709
3190,8.931115721988062
3191,7.930399342290617
3192,6.960066101357317
3193,6.944323164223556
3194,8.927739737130242
3195,4.9696060540608755
3196,5.875850651732322
3197,8.920220648858244
3198,7.898119846709564
3199,7.913300847632218
3200,7.924444117383668
3201,8.919089078626929
3202,7.834233461538092
3203,3.8575915960944376
3204,8.883205815352298
3205,7.903539762420557
3206,7.908010094417836
3207,4.930421902845147
3208,3.8803991179021455
3209,7.952309414149143
3210,8.91831662461761
3211,4.917634112248578
3212,8.936802807301419
3213,7.909213075327402
3214,7.971841462146999
3215,9.901274745242059
3216,7.915727592117577
3217,7.900846729420769
3218,5.9453956919744035
3219,7.869378595044301
3220,5.926775789520747
3221,7.933202102724972
3222,7.879154114527069
3223,6.917607110229618
3224,7.896995624154475
3225,5.9027891568199795
3226,10.858323532854278
3227,7.899337891770203
3228,8.950887542373216
3229,5.935319709827271
3230,5.93571032513966
3231,7.898734893227399
3232,4.946678260743017
3233,8.855707535886987
3234,6.97552747745985
3235,4.8554745881183585
3236,6.901446075302457
3237,8.900871769257162
3238,4.886747383011704
3239,7.981826093496273
3240,6.951297779952782
3241,6.896350255472094
3242,8.861378550129562
3243,8.889536589106308
3244,4.882803117874718
3245,5.921714705049306
3246,5.882504819269235
3247,8.942092894095211
3248,9.934307268352876
3249,3.866358657435708
3250,7.8941694303361745
3251,7.949615262770839
3252,7.877983818935085
3253,10.966993203737065
3254,8.873976234960558
3255,6.905585587676444
3256,6.905531933719425
3257,5.8967468189503895
3258,6.872960627024618
3259,8.907196899787804
3260,5.9183829535972725
3261,5.897724655383
3262,7.948190067541495
3263,6.923182254565075
3264,6.810519519890518
3265,6.93669111973532
3266,3.9105217257399816
3267,9.95072159377285
3268,7.904714415639815
3269,9.89624900385917
3270,7.913685455968105
3271,7.898833549228083
3272,4.876425261674141
3273,8.937710187710984
3274,5.952171886354947
3275,9.91208882148604
3276,5.856767269681335
3277,6.943237246063694
3278,8.865188119986614
3279,8.897753747047108
3280,8.895505435742797
3281,7.9163935988757475
3282,5.905075166010171
3283,4.851715674130979
3284,7.890396951813902
3285,9.91415514392635
3286,7.910890514236598
3287,8.891922841511867
3288,7.9018883275727045
3289,7.922932164746018
3290,9.884984071204933
3291,7.93199804584447
3292,7.93056289695138
3293,7.92301742899479
3294,7.972320158860835
3295,7.925458061600615
3296,9.921309775030965
3297,7.88802691488346
3298,8.897824667746237
3299,8.936664298447546
3300,6.947842223400803
3301,10.90425109778473
3302,7.936133134682052
3303,8.91875339165345
3304,6.872891684690743
3305,9.991236448654975
3306,8.924109142312544
3307,5.888325663943451
3308,4.864174532842056
3309,6.936796233862799
3310,6.897525313109476
3311,4.898625511999838
3312,6.901211502146833
3313,6.898537087691695
3314,6.924860019702489
3315,5.8947176705243995
3316,7.8867461255963045
3317,5.883556856340267
3318,9.938975685524293
3319,6.915896467861199
3320,7.891828780659726
3321,8.897939028265261
3322,3.911558762996073
3323,7.976392380427082
3324,7.868342708864295
3325,6.893147341236868
3326,8.937484021295129
3327,10.86932983024796
3328,8.929369321277104
3329,6.9711382711199805
3330,5.935723759224874
3331,7.884583123819612
3332,6.945221504641182
3333,6.854296359105621
3334,8.919695181267995
3335,2.905290385744677
3336,6.942769811142183
3337,6.926218303581689
3338,5.936024446523717
3339,9.890205595272453
3340,7.906458617931869
3341,6.871456228037177
3342,9.899345790713962
3343,7.884835763676301
3344,8.887472389337082
3345,3.9256572556719673
3346,7.967567114744531
3347,9.91122623377798
3348,8.989260023277641
3349,5.956401451747504
3350,6.922036405157372
3351,6.869949133095733
3352,6.8570795134701275
3353,7.875006826633446
3354,7.894531495186203
3355,8.936580054798645
3356,4.954669630798436
3357,9.882709278412305
3358,9.961206529210132
3359,6.915600117745374
3360,9.913569441414719
3361,4.822560502248462
3362,6.9576833620342935
3363,8.940549834864724
3364,2.922315197125779
3365,8.90130631474606
3366,4.976179155084163
3367,5.950378386396469
3368,6.909805920011917
3369,10.890597446012872
3370,8.93694078410034
3371,7.897462360883481
3372,7.9143943098540905
3373,8.932188861204517
3374,9.885872510955375
3375,4.915880061473963
3376,5.9123769878974235
3377,6.886951464593039
3378,6.9153095131246145
3379,5.835298965088924
3380,8.87313878149709
3381,5.907439283123678
3382,8.875987101394106
3383,5.920653940211844
3384,4.983626580358332
3385,6.891150753478842
3386,8.890022987079554
3387,8.906770070870365
3388,7.938389401204583
3389,4.938392954283538
3390,10.934707781464972
3391,7.923808692210608
3392,8.883129938375122
3393,6.885852851810093
3394,6.901135578282807
3395,8.940954021106283
3396,11.87079290834298
3397,5.925577105423834
3398,8.913865269923292
3399,4.875702899529586
3400,7.865996810013826
3401,7.889973377302126
3402,10.898148476725542
3403,9.930285611842733
3404,6.902012700874438
3405,8.932260725755967
3406,7.928330588300175
3407,8.911754707770143
3408,7.9135392594878455
3409,11.88032606498711
3410,7.951405351954307
3411,7.948946720767864
3412,7.9578318511566435
3413,9.917510256547846
3414,6.942978890498466
3415,9.87214006818137
3416,9.879051185187892
3417,6.898510148843581
3418,7.858173067858736
3419,7.855532219277878
3420,5.923779561750764
3421,3.981189600518297
3422,7.90477319830143
3423,6.875045943136613
3424,7.901762568821193
3425,6.910746278821495
3426,7.87129663473149
3427,6.874823341671735
3428,10.896670603479492
3429,3.9246886820527127
3430,7.886304736414157
3431,8.965739081325415
3432,6.973202550604609
3433,7.926607587490993
3434,6.876817280912957
3435,4.906922500676209
3436,8.938569350024068
3437,6.901109776776662
3438,9.897131264530437
3439,7.923861050161124
3440,6.865673522564359
3441,6.907434238232298
3442,6.929656033198821
3443,5.925820481069264
3444,6.934043292681929
3445,10.911657302691385
3446,5.934227767604879
3447,5.955166695181074
3448,10.948654141363352
3449,8.919057646302047
3450,6.902006274142938
3451,8.847463700641404
3452,9.87544814433521
3453,6.917692592376104
3454,9.894234426990092
3455,7.944673279282066
3456,4.901587608642546
3457,6.941768708143286
3458,8.88558529155625
3459,9.93514733853327
3460,7.903439184364617
3461,9.95622684351377
3462,8.945021293715781
3463,5.878606930852294
3464,3.8909902802624705
3465,9.981660839224647
3466,10.965024661751713
3467,5.858999397443096
3468,5.919797257700569
3469,9.859434082751369
3470,5.95265778782421
3471,7.932485348180348
3472,5.940600155900391
3473,9.920373023879256
3474,7.901698860787987
3475,4.969871190030514
3476,7.860276159575792
3477,6.8966700466426625
3478,7.8930123753517
3479,3.920995815287247
3480,8.890330412505563
3481,4.909195575910231
3482,7.946697531698165
3483,8.911984872565618
3484,3.8892507680379236
3485,7.900283339382031
3486,7.8792967842568995
3487,6.872793582733498
3488,7.908085057922923
3489,7.908699729285401
3490,3.913868846658417
3491,8.886546136380675
3492,4.934270470388556
3493,6.943779210235904
3494,2.9354268608341574
3495,9.91455958238894
3496,4.954889957961048
3497,9.934234609370147
3498,10.925102487140643
3499,4.914856387211458
3500,8.938869785385409
3501,6.889312688509895
3502,6.895845190788304
3503,8.860598197259867
3504,6.921504480653873
3505,7.916564793938593
3506,8.884935892107691
3507,8.975613849536202
3508,7.92981091438393
3509,6.903879511890343
3510,9.944822339745699
3511,8.918306497524576
3512,7.938558099619719
3513,8.883618822252751
3514,7.917333366355924
3515,8.892912188035467
3516,6.888977525288188
3517,8.882677454907292
3518,8.897444815315882
3519,7.895867906012993
3520,8.925231621750417
3521,8.919547699814828
3522,4.929056983208779
3523,7.916316427981172
3524,8.905754190271207
3525,3.904160067118216
3526,8.911756925991714
3527,4.892897675517451
3528,6.89595444243682
3529,8.906670823959614
3530,9.901699702899707
3531,7.914366970437754
3532,5.968722218553971
3533,6.954047815486816
3534,8.922829121348295
3535,8.912653190547061
3536,5.884653016740582
3537,9.844286813481796
3538,4.858592696569329
3539,8.895854006838835
3540,4.922580103261418
3541,7.958160847362819
3542,6.910188189279197
3543,7.896817808725467
3544,9.903304111117984
3545,7.964720758395117
3546,5.901946736422518
3547,7.914138234031424
3548,8.954947605020697
3549,8.91562562126457
3550,5.929948511818129
3551,5.918041966360572
3552,6.912793781912591
3553,9.860774756606954
3554,6.868521157075561
3555,6.864295511810959
3556,8.888794050952953
3557,9.917803063487579
3558,9.916384785353213
3559,5.951893605468408
3560,7.910373612586227
3561,7.888342381677872
3562,7.92106625841142
3563,4.953569931668584
3564,8.965315885740608
3565,6.902062479643664
3566,7.9054688860423505
3567,5.881461466268722
3568,8.94062687995909
3569,4.888969090223772
3570,5.912438425765798
3571,5.881679017324957
3572,6.852694982854294
3573,7.941281353197432
3574,10.95002532016294
3575,7.921357160826041
3576,5.8792659665000695
3577,8.88076904203127
3578,4.897327576561002
3579,5.916154745405277
3580,2.8696367021724627
3581,6.908823729458055
3582,6.87102597606293
3583,6.932192151313545
3584,6.914111328111096
3585,3.910395623536646
3586,10.833339222875626
3587,5.9103012507615285
3588,10.873668246882218
3589,8.887528370236748
3590,9.914920198483099
3591,6.925942096986638
3592,6.896389829724547
3593,6.95594917111458
3594,6.989761154620759
3595,9.937383026299676
3596,7.908140992210233
3597,5.932321762469032
3598,5.874369289539709
3599,4.8803548881351375
3600,4.950904527958548
3601,6.91483759053282
3602,8.887679967032721
3603,5.870157607161081
3604,9.852938686206151
3605,5.9092700076284155
3606,8.93582058948413
3607,7.9001784579282
3608,9.925431114934
3609,9.937375367580891
3610,5.8906786619231255
3611,10.942042899054131
3612,8.894381738973768
3613,6.926036731084577
3614,6.969667435731761
3615,6.92773027065031
3616,7.931087695010778
3617,6.958723910116556
3618,7.933620670477655
3619,6.8894523863745745
3620,10.885211001066974
3621,9.918199885352363
3622,7.935522804341876
3623,5.9350920208493765
3624,6.88965586662864
3625,5.908326440587772
3626,7.990473925740551
3627,9.925215982127716
3628,8.94935771865112
3629,7.870435032095498
3630,8.930434346415497
3631,9.923977749422335
3632,6.945679345186579
3633,7.910916924631105
3634,8.9148815950315
3635,7.981313173052065
3636,7.942664141534616
3637,4.929183371658073
3638,7.939310421693946
